{
  "ARCHMAGE.feats": "Proezas",
  "ARCHMAGE.CHARACTERSETTINGS.settings": "Configurações",
  "ARCHMAGE.CHARACTERSETTINGS.bg1": "Antecedente 1",
  "ARCHMAGE.CHARACTERSETTINGS.bg2": "Antecedente 2",
  "ARCHMAGE.CHARACTERSETTINGS.bg3": "Antecedente 3",
  "ARCHMAGE.CHARACTERSETTINGS.bg4": "Antecedente 4",
  "ARCHMAGE.CHARACTERSETTINGS.bg5": "Antecedente 5",
  "ARCHMAGE.CHARACTERSETTINGS.bg6": "Antecedente 6",
  "ARCHMAGE.CHARACTERSETTINGS.bg7": "Antecedente 7",
  "ARCHMAGE.CHARACTERSETTINGS.bg8": "Antecedente 8",
  "ARCHMAGE.CHARACTERSETTINGS.i1": "Ícone 1",
  "ARCHMAGE.CHARACTERSETTINGS.i2": "Ícone 2",
  "ARCHMAGE.CHARACTERSETTINGS.i3": "Ícone 3",
  "ARCHMAGE.CHARACTERSETTINGS.i4": "Ícone 4",
  "ARCHMAGE.CHARACTERSETTINGS.i5": "Ícone 5",
  
}